{
  "name": "mobile-token-movement",
  "title": "Mobile Token Movement",
  "description": "Use your mobile device to control your token with a minimal interface. Useful for in-person games with a player-facing monitor using the module Monk's Common Display.",
  "author": "Matthijs Kok",
  "url": "https://gitlab.com/MatthijsKok/mobile-token-movement",
  "version": "1.0.0",
  "minimumCoreVersion": "0.8.6",
  "compatibleCoreVersion": "0.8.9",
  "esmodules": [
    "scripts/module.js"
  ],
  "styles": [
    "styles/module.css"
  ],
  "languages": [
    {
      "lang": "en",
      "name": "English",
      "path": "languages/en.json"
    }
  ],
  "manifest": "https://gitlab.com/MatthijsKok/mobile-token-movement/raw/main/module.json",
  "download": "https://gitlab.com/MatthijsKok/mobile-token-movement/raw/main/bundled/mtm-1.0.0.zip"
}
