{
  "name": "mobile-token-movement",
  "title": "Mobile Token Movement",
  "description": "Use your mobile device to control your token with a minimal interface. Useful for in-person games with a player-facing monitor using the module Monk's Common Display.",
  "author": "Matthijs Kok",
  "url": "https://github.com/NicolasAssouline/mobile-token-movement",
  "version": "1.0.1",
  "compatibility": {
    "minimum": "10",
    "verified": "11"
  },
  "esmodules": [
    "scripts/module.js"
  ],
  "styles": [
    "styles/module.css"
  ],
  "languages": [
    {
      "lang": "en",
      "name": "English",
      "path": "languages/en.json"
    }
  ],
  "manifest": "https://github.com/NicolasAssouline/mobile-token-movement/raw/main/module.json",
  "download": "https://github.com/NicolasAssouline/mobile-token-movement/raw/main/bundled/mtm-1.0.1.zip"
}
